[
    {
        "model": "legajos.ProgramasLlamados",
        "pk": 1,
        "fields": {
            "nombre": "Programa de Acompañamiento Social (PAS)"
        }
    },
    {
        "model": "legajos.ProgramasLlamados",
        "pk": 2,
        "fields": {
            "nombre": "Tarjeta Alimentar"
        }
    },
    {
        "model": "legajos.ProgramasLlamados",
        "pk": 3,
        "fields": {
            "nombre": "Monotributo Social"
        }
    },
    {
        "model": "legajos.ProgramasLlamados",
        "pk": 4,
        "fields": {
            "nombre": "Agencia Nacional de Discapacidad"
        }
    },
    {
        "model": "legajos.ProgramasLlamados",
        "pk": 5,
        "fields": {
            "nombre": "Otros Programas de la Secretaria"
        }
    },
    {
        "model": "legajos.ProgramasLlamados",
        "pk": 6,
        "fields": {
            "nombre": "Otros Organismos"
        }
    },
    {
        "model": "legajos.TipoLlamado",
        "pk": 1,
        "fields": {
            "fk_programas_llamados": 1,
            "nombre": "Ingreso a Monotributo costo cero PAS"
        }
    },
    {
        "model": "legajos.TipoLlamado",
        "pk": 2,
        "fields": {
            "fk_programas_llamados": 1,
            "nombre": "Ingresos PAS por incompatibilidad"
        }
    },
    {
        "model": "legajos.TipoLlamado",
        "pk": 3,
        "fields": {
            "fk_programas_llamados": 1,
            "nombre": "Excepción a la constraprestación"
        }
    },
    {
        "model": "legajos.TipoLlamado",
        "pk": 4,
        "fields": {
            "fk_programas_llamados": 1,
            "nombre": "Unificación de CUIT"
        }
    },
    {
        "model": "legajos.TipoLlamado",
        "pk": 5,
        "fields": {
            "fk_programas_llamados": 1,
            "nombre": "Jubilables"
        }
    },
    {
        "model": "legajos.TipoLlamado",
        "pk": 6,
        "fields": {
            "fk_programas_llamados": 1,
            "nombre": "Reclamo bancario"
        }
    },
    {
        "model": "legajos.TipoLlamado",
        "pk": 7,
        "fields": {
            "fk_programas_llamados": 1,
            "nombre": "Unidad de Gestión"
        }
    },
    {
        "model": "legajos.TipoLlamado",
        "pk": 8,
        "fields": {
            "fk_programas_llamados": 1,
            "nombre": "Actualización de datos PAS"
        }
    },
    {
        "model": "legajos.TipoLlamado",
        "pk": 9,
        "fields": {
            "fk_programas_llamados": 1,
            "nombre": "Compatibilidad PAS"
        }
    },
    {
        "model": "legajos.TipoLlamado",
        "pk": 10,
        "fields": {
            "fk_programas_llamados": 1,
            "nombre": "Inscripción"
        }
    },
    {
        "model": "legajos.TipoLlamado",
        "pk": 11,
        "fields": {
            "fk_programas_llamados": 1,
            "nombre": "Pérdida o inconvenientes con la tarjeta de cobro del programa"
        }
    },
    {
        "model": "legajos.TipoLlamado",
        "pk": 12,
        "fields": {
            "fk_programas_llamados": 2,
            "nombre": "Cambio de titularidad"
        }
    },
    {
        "model": "legajos.TipoLlamado",
        "pk": 13,
        "fields": {
            "fk_programas_llamados": 2,
            "nombre": "Cambio de radicación"
        }
    },
    {
        "model": "legajos.TipoLlamado",
        "pk": 14,
        "fields": {
            "fk_programas_llamados": 2,
            "nombre": "Errores de exclusión"
        }
    },
    {
        "model": "legajos.TipoLlamado",
        "pk": 15,
        "fields": {
            "fk_programas_llamados": 2,
            "nombre": "Pedido de baja"
        }
    },
    {
        "model": "legajos.TipoLlamado",
        "pk": 16,
        "fields": {
            "fk_programas_llamados": 2,
            "nombre": "Compatibilidad con otros Programas o Políticas"
        }
    },
    {
        "model": "legajos.TipoLlamado",
        "pk": 17,
        "fields": {
            "fk_programas_llamados": 2,
            "nombre": "Cronograma de Pagos"
        }
    },
    {
        "model": "legajos.TipoLlamado",
        "pk": 18,
        "fields": {
            "fk_programas_llamados": 2,
            "nombre": "Información sobre monto de Tarjeta Alimentar"
        }
    },
    {
        "model": "legajos.TipoLlamado",
        "pk": 19,
        "fields": {
            "fk_programas_llamados": 2,
            "nombre": "Información sobre uso de Tarjeta Alimentar (destinos y lugares de compra)"
        }
    },
    {
        "model": "legajos.TipoLlamado",
        "pk": 20,
        "fields": {
            "fk_programas_llamados": 2,
            "nombre": "Información para retirar la Tarjeta Alimentar"
        }
    },
    {
        "model": "legajos.TipoLlamado",
        "pk": 21,
        "fields": {
            "fk_programas_llamados": 2,
            "nombre": "Denuncia por robo o extravío de tarjeta"
        }
    },
    {
        "model": "legajos.TipoLlamado",
        "pk": 22,
        "fields": {
            "fk_programas_llamados": 2,
            "nombre": "No entrega de tarjeta Reimpresión de tarjeta"
        }
    },
    {
        "model": "legajos.TipoLlamado",
        "pk": 23,
        "fields": {
            "fk_programas_llamados": 2,
            "nombre": "Saber si le corresponde"
        }
    },
    {
        "model": "legajos.TipoLlamado",
        "pk": 24,
        "fields": {
            "fk_programas_llamados": 3,
            "nombre": "Reempadronamiento"
        }
    },
    {
        "model": "legajos.TipoLlamado",
        "pk": 25,
        "fields": {
            "fk_programas_llamados": 3,
            "nombre": "Obra Social"
        }
    },
    {
        "model": "legajos.TipoLlamado",
        "pk": 26,
        "fields": {
            "fk_programas_llamados": 3,
            "nombre": "Inscripción a Monotributo Social"
        }
    },
    {
        "model": "legajos.TipoLlamado",
        "pk": 27,
        "fields": {
            "fk_programas_llamados": 3,
            "nombre": "Estado de trámite"
        }
    },
    {
        "model": "legajos.TipoLlamado",
        "pk": 28,
        "fields": {
            "fk_programas_llamados": 3,
            "nombre": "Inscripción a Monotributo Social"
        }
    },
    {
        "model": "legajos.TipoLlamado",
        "pk": 29,
        "fields": {
            "fk_programas_llamados": 3,
            "nombre": "Estado de trámite"
        }
    },
    {
        "model": "legajos.TipoLlamado",
        "pk": 30,
        "fields": {
            "fk_programas_llamados": 3,
            "nombre": "Modificación de Datos"
        }
    },
    {
        "model": "legajos.TipoLlamado",
        "pk": 31,
        "fields": {
            "fk_programas_llamados": 3,
            "nombre": "Modificación de Adherentes (MS)"
        }
    },
    {
        "model": "legajos.TipoLlamado",
        "pk": 32,
        "fields": {
            "fk_programas_llamados": 3,
            "nombre": "Unificación de CUIT (MS)"
        }
    },
    {
        "model": "legajos.TipoLlamado",
        "pk": 33,
        "fields": {
            "fk_programas_llamados": 3,
            "nombre": "Evaluación negativa - Incompatibilidad (MS)"
        }
    },
    {
        "model": "legajos.TipoLlamado",
        "pk": 34,
        "fields": {
            "fk_programas_llamados": 3,
            "nombre": "Baja"
        }
    },
    {
        "model": "legajos.TipoLlamado",
        "pk": 35,
        "fields": {
            "fk_programas_llamados": 3,
            "nombre": "Consulta por baja de oficio"
        }
    },
    {
        "model": "legajos.TipoLlamado",
        "pk": 36,
        "fields": {
            "fk_programas_llamados": 3,
            "nombre": "Facturación (MS)"
        }
    },
    {
        "model": "legajos.TipoLlamado",
        "pk": 37,
        "fields": {
            "fk_programas_llamados": 3,
            "nombre": "AFIP Sin Impuestos Activos (MS)"
        }
    },
    {
        "model": "legajos.TipoLlamado",
        "pk": 38,
        "fields": {
            "fk_programas_llamados": 3,
            "nombre": "AFIP Otros problemas (MS)"
        }
    },
    {
        "model": "legajos.TipoLlamado",
        "pk": 39,
        "fields": {
            "fk_programas_llamados": 3,
            "nombre": "Aportes Previsionales (MS)"
        }
    },
    {
        "model": "legajos.TipoLlamado",
        "pk": 40,
        "fields": {
            "fk_programas_llamados": 3,
            "nombre": "Pagos de Subsidio (MS)"
        }
    },
    {
        "model": "legajos.TipoLlamado",
        "pk": 41,
        "fields": {
            "fk_programas_llamados": 3,
            "nombre": "Consulta General"
        }
    },
    {
        "model": "legajos.TipoLlamado",
        "pk": 42,
        "fields": {
            "fk_programas_llamados": 3,
            "nombre": "Irregularidad"
        }
    },
    {
        "model": "legajos.TipoLlamado",
        "pk": 43,
        "fields": {
            "fk_programas_llamados": 4,
            "nombre": "Pensiones"
        }
    },
    {
        "model": "legajos.TipoLlamado",
        "pk": 44,
        "fields": {
            "fk_programas_llamados": 4,
            "nombre": "Otros trámites"
        }
    },
    {
        "model": "legajos.TipoLlamado",
        "pk": 45,
        "fields": {
            "fk_programas_llamados": 5,
            "nombre": "Adultos Mayores"
        }
    },
    {
        "model": "legajos.TipoLlamado",
        "pk": 46,
        "fields": {
            "fk_programas_llamados": 5,
            "nombre": "Microcréditos"
        }
    },
    {
        "model": "legajos.TipoLlamado",
        "pk": 47,
        "fields": {
            "fk_programas_llamados": 5,
            "nombre": "Asistencia Social"
        }
    },
    {
        "model": "legajos.TipoLlamado",
        "pk": 48,
        "fields": {
            "fk_programas_llamados": 5,
            "nombre": "Proyectos Manos a la Obra"
        }
    },
    {
        "model": "legajos.TipoLlamado",
        "pk": 49,
        "fields": {
            "fk_programas_llamados": 5,
            "nombre": "Primera Infancia"
        }
    },
    {
        "model": "legajos.TipoLlamado",
        "pk": 50,
        "fields": {
            "fk_programas_llamados": 5,
            "nombre": "Editora Braille"
        }
    },
    {
        "model": "legajos.TipoLlamado",
        "pk": 51,
        "fields": {
            "fk_programas_llamados": 5,
            "nombre": "100% Nuestro"
        }
    },
    {
        "model": "legajos.TipoLlamado",
        "pk": 52,
        "fields": {
            "fk_programas_llamados": 5,
            "nombre": "Línea 102"
        }
    },
    {
        "model": "legajos.TipoLlamado",
        "pk": 53,
        "fields": {
            "fk_programas_llamados": 5,
            "nombre": "Comedores y merenderos"
        }
    },
    {
        "model": "legajos.TipoLlamado",
        "pk": 54,
        "fields": {
            "fk_programas_llamados": 5,
            "nombre": "Banco de herramientas"
        }
    },
    {
        "model": "legajos.TipoLlamado",
        "pk": 55,
        "fields": {
            "fk_programas_llamados": 5,
            "nombre": "Ver para ser libres"
        }
    },
    {
        "model": "legajos.TipoLlamado",
        "pk": 56,
        "fields": {
            "fk_programas_llamados": 5,
            "nombre": "Irregularidad"
        }
    },
    {
        "model": "legajos.TipoLlamado",
        "pk": 57,
        "fields": {
            "fk_programas_llamados": 6,
            "nombre": "DADSE"
        }
    },
    {
        "model": "legajos.TipoLlamado",
        "pk": 58,
        "fields": {
            "fk_programas_llamados": 6,
            "nombre": "ANSES"
        }
    },
    {
        "model": "legajos.TipoLlamado",
        "pk": 59,
        "fields": {
            "fk_programas_llamados": 6,
            "nombre": "Tarjetas alimentarias"
        }
    },
    {
        "model": "legajos.TipoLlamado",
        "pk": 60,
        "fields": {
            "fk_programas_llamados": 6,
            "nombre": "Tarjetas de bancos"
        }
    },
    {
        "model": "legajos.TipoLlamado",
        "pk": 61,
        "fields": {
            "fk_programas_llamados": 6,
            "nombre": "Ministerios"
        }
    },
    {
        "model": "legajos.TipoLlamado",
        "pk": 62,
        "fields": {
            "fk_programas_llamados": 6,
            "nombre": "Secretarías"
        }
    },
    {
        "model": "legajos.TipoLlamado",
        "pk": 63,
        "fields": {
            "fk_programas_llamados": 6,
            "nombre": "Subsecretarías"
        }
    },
    {
        "model": "legajos.SubTipoLlamado",
        "pk": 1,
        "fields": {
            "fk_tipo_llamado": 5,
            "nombre": "Inicio de trámite Requisitos"
        }
    },
    {
        "model": "legajos.SubTipoLlamado",
        "pk": 2,
        "fields": {
            "fk_tipo_llamado": 24,
            "nombre": "Consulta"
        }
    },
    {
        "model": "legajos.SubTipoLlamado",
        "pk": 3,
        "fields": {
            "fk_tipo_llamado": 24,
            "nombre": "Reclamo"
        }
    },
    {
        "model": "legajos.SubTipoLlamado",
        "pk": 4,
        "fields": {
            "fk_tipo_llamado": 25,
            "nombre": "Denegatoria de Prestación OS (MS)"
        }
    },
    {
        "model": "legajos.SubTipoLlamado",
        "pk": 5,
        "fields": {
            "fk_tipo_llamado": 25,
            "nombre": "Denegatoria de Afiliación OS (MS)"
        }
    },
    {
        "model": "legajos.SubTipoLlamado",
        "pk": 6,
        "fields": {
            "fk_tipo_llamado": 25,
            "nombre": "Opción de Cambio OS sin Consentimiento (MS)"
        }
    },
    {
        "model": "legajos.SubTipoLlamado",
        "pk": 7,
        "fields": {
            "fk_tipo_llamado": 25,
            "nombre": "Obra Social (MS)"
        }
    },
    {
        "model": "legajos.SubTipoLlamado",
        "pk": 8,
        "fields": {
            "fk_tipo_llamado": 43,
            "nombre": "Contactar cuidador domiciliario"
        }
    },
    {
        "model": "legajos.SubTipoLlamado",
        "pk": 9,
        "fields": {
            "fk_tipo_llamado": 59,
            "nombre": "Vida digna (Córdoba)"
        }
    },
    {
        "model": "legajos.SubTipoLlamado",
        "pk": 10,
        "fields": {
            "fk_tipo_llamado": 60,
            "nombre": "Mbareté (Corrientes)"
        }
    },
    {
        "model": "legajos.SubTipoLlamado",
        "pk": 11,
        "fields": {
            "fk_tipo_llamado": 61,
            "nombre": "Capital Humano"
        }
    },
    {
        "model": "legajos.SubTipoLlamado",
        "pk": 12,
        "fields": {
            "fk_tipo_llamado": 61,
            "nombre": "Defensa"
        }
    },
    {
        "model": "legajos.SubTipoLlamado",
        "pk": 13,
        "fields": {
            "fk_tipo_llamado": 61,
            "nombre": "Economía"
        }
    },
    {
        "model": "legajos.SubTipoLlamado",
        "pk": 14,
        "fields": {
            "fk_tipo_llamado": 61,
            "nombre": "Justicia"
        }
    },
    {
        "model": "legajos.SubTipoLlamado",
        "pk": 15,
        "fields": {
            "fk_tipo_llamado": 61,
            "nombre": "Relaciones Exteriores"
        }
    },
    {
        "model": "legajos.SubTipoLlamado",
        "pk": 16,
        "fields": {
            "fk_tipo_llamado": 61,
            "nombre": "Comercio Internacional"
        }
    },
    {
        "model": "legajos.SubTipoLlamado",
        "pk": 17,
        "fields": {
            "fk_tipo_llamado": 61,
            "nombre": "Culto Salud Seguridad"
        }
    },
    {
        "model": "legajos.SubTipoLlamado",
        "pk": 18,
        "fields": {
            "fk_tipo_llamado": 62,
            "nombre": "Educación"
        }
    },
    {
        "model": "legajos.SubTipoLlamado",
        "pk": 19,
        "fields": {
            "fk_tipo_llamado": 62,
            "nombre": "Trabajo Empleo y Seguridad Social"
        }
    },
    {
        "model": "legajos.SubTipoLlamado",
        "pk": 20,
        "fields": {
            "fk_tipo_llamado": 62,
            "nombre": "Cultura"
        }
    },
    {
        "model": "legajos.SubTipoLlamado",
        "pk": 21,
        "fields": {
            "fk_tipo_llamado": 62,
            "nombre": "Hacienda"
        }
    },
    {
        "model": "legajos.SubTipoLlamado",
        "pk": 22,
        "fields": {
            "fk_tipo_llamado": 62,
            "nombre": "Política Económica"
        }
    },
    {
        "model": "legajos.SubTipoLlamado",
        "pk": 23,
        "fields": {
            "fk_tipo_llamado": 62,
            "nombre": "Legal y Administrativa"
        }
    },
    {
        "model": "legajos.SubTipoLlamado",
        "pk": 24,
        "fields": {
            "fk_tipo_llamado": 62,
            "nombre": "Finanzas"
        }
    },
    {
        "model": "legajos.SubTipoLlamado",
        "pk": 25,
        "fields": {
            "fk_tipo_llamado": 62,
            "nombre": "Energía"
        }
    },
    {
        "model": "legajos.SubTipoLlamado",
        "pk": 26,
        "fields": {
            "fk_tipo_llamado": 62,
            "nombre": "Unidad Gabinete de Asesores"
        }
    },
    {
        "model": "legajos.SubTipoLlamado",
        "pk": 27,
        "fields": {
            "fk_tipo_llamado": 62,
            "nombre": "Agricultura ganadería y pesca"
        }
    },
    {
        "model": "legajos.SubTipoLlamado",
        "pk": 28,
        "fields": {
            "fk_tipo_llamado": 62,
            "nombre": "Coordinación de la producción"
        }
    },
    {
        "model": "legajos.SubTipoLlamado",
        "pk": 29,
        "fields": {
            "fk_tipo_llamado": 62,
            "nombre": "Industria y comercio"
        }
    },
    {
        "model": "legajos.SubTipoLlamado",
        "pk": 30,
        "fields": {
            "fk_tipo_llamado": 62,
            "nombre": "Minería"
        }
    },
    {
        "model": "legajos.SubTipoLlamado",
        "pk": 31,
        "fields": {
            "fk_tipo_llamado": 62,
            "nombre": "Obras Públicas"
        }
    },
    {
        "model": "legajos.SubTipoLlamado",
        "pk": 32,
        "fields": {
            "fk_tipo_llamado": 62,
            "nombre": "Desarrollo Territorial Hábitat y Vivienda"
        }
    },
    {
        "model": "legajos.SubTipoLlamado",
        "pk": 33,
        "fields": {
            "fk_tipo_llamado": 62,
            "nombre": "Transporte"
        }
    },
    {
        "model": "legajos.SubTipoLlamado",
        "pk": 34,
        "fields": {
            "fk_tipo_llamado": 62,
            "nombre": "Pequeña y Mediana Empresa Emprendedores y Economía del conocimiento"
        }
    },
    {
        "model": "legajos.SubTipoLlamado",
        "pk": 35,
        "fields": {
            "fk_tipo_llamado": 62,
            "nombre": "Coordinación y Energía Minera"
        }
    },
    {
        "model": "legajos.SubTipoLlamado",
        "pk": 36,
        "fields": {
            "fk_tipo_llamado": 62,
            "nombre": "Justicia"
        }
    },
    {
        "model": "legajos.SubTipoLlamado",
        "pk": 37,
        "fields": {
            "fk_tipo_llamado": 62,
            "nombre": "Derechos Humanos"
        }
    },
    {
        "model": "legajos.SubTipoLlamado",
        "pk": 38,
        "fields": {
            "fk_tipo_llamado": 62,
            "nombre": "Relaciones Exteriores"
        }
    },
    {
        "model": "legajos.SubTipoLlamado",
        "pk": 39,
        "fields": {
            "fk_tipo_llamado": 62,
            "nombre": "Relaciones Económicas internacionales"
        }
    },
    {
        "model": "legajos.SubTipoLlamado",
        "pk": 40,
        "fields": {
            "fk_tipo_llamado": 62,
            "nombre": "Coordinación y Planificación Exterior"
        }
    },
    {
        "model": "legajos.SubTipoLlamado",
        "pk": 41,
        "fields": {
            "fk_tipo_llamado": 62,
            "nombre": "Culto"
        }
    },
    {
        "model": "legajos.SubTipoLlamado",
        "pk": 42,
        "fields": {
            "fk_tipo_llamado": 63,
            "nombre": "Protección de Violencia contra las Mujeres"
        }
    },
    {
        "model": "legajos.SubTipoLlamado",
        "pk": 43,
        "fields": {
            "fk_tipo_llamado": 63,
            "nombre": "Energía eléctrica"
        }
    },
    {
        "model": "legajos.SubTipoLlamado",
        "pk": 44,
        "fields": {
            "fk_tipo_llamado": 63,
            "nombre": "Desarrollo Territorial"
        }
    },
    {
        "model": "legajos.SubTipoLlamado",
        "pk": 45,
        "fields": {
            "fk_tipo_llamado": 63,
            "nombre": "Hábitat y Vivienda"
        }
    },
    {
        "model": "legajos.SubTipoLlamado",
        "pk": 46,
        "fields": {
            "fk_tipo_llamado": 63,
            "nombre": "Integración Socio Urbana"
        }
    }
]