ID ADMISION,Expediente Correcto
2187,EX-2025-100658007- -APN-DDNAYF#MCH
1514,EX-2025-101649782- -APN-DDNAYF#MCH
1643,EX-2025-101761900- -APN-DDNAYF#MCH
1641,EX-2025-101766016- -APN-DDNAYF#MCH
1920,EX-2025-102452093- -APN-DDNAYF#MCH
1596,EX-2025-105358358- -APN-DDNAYF#MCH
1601,EX-2025-105764689- -APN-DDNAYF#MCH
590,EX-2025-107485627- -APN-DDNAYF#MCH
703,EX-2025-108121200- -APN-DDNAYF#MCH
814,EX-2025-109726991- -APN-DDNAYF#MCH
795,EX-2025-109752158- -APN-DDNAYF#MCH
813,EX-2025-109752695- -APN-DDNAYF#MCH
2052,EX-2025-111391201- -APN-DDNAYF#MCH
994,EX-2025-111559249- -APN-DDNAYF#MCH
1518,EX-2025-111563020- -APN-DDNAYF#MCH
997,EX-2025-111579681- -APN-DDNAYF#MCH
1511,EX-2025-111630853- -APN-DDNAYF#MCH
792,EX-2025-111948649- -APN-DDNAYF#MCH
803,EX-2025-112019632- -APN-DDNAYF#MCH
2469,EX-2025-112071181- -APN-DDNAYF#MCH
806,EX-2025-112690913- -APN-DDNAYF#MCH
664,EX-2025-112779364- -APN-DDNAYF#MCH
1460,EX-2025-112785532- -APN-DDNAYF#MCH
1451,EX-2025-112789789- -APN-DDNAYF#MCH
1444,EX-2025-112797509- -APN-DDNAYF#MCH
2449,EX-2025-113981064- -APN-DDNAYF#MCH
2255,EX-2025-113987299- -APN-DDNAYF#MCH
798,EX-2025-114773798- -APN-DDNAYF#MCH
822,EX-2025-116496627- -APN-DDNAYF#MCH
830,EX-2025-116502312- -APN-DDNAYF#MCH
832,EX-2025-116552067- -APN-DDNAYF#MCH
843,EX-2025-118441553- -APN-DDNAYF#MCH
321,EX-2025-118460941- -APN-DDNAYF#MCH
802,EX-2025-119335565- -APN-DDNAYF#MCH
858,EX-2025-119735923- -APN-DDNAYF#MCH
1494,EX-2025-120401250- -APN-DDNAYF#MCH
828,EX-2025-121363412- -APN-DDNAYF#MCH
1521,EX-2025-122143319- -APN-DDNAYF#MCH
1522,EX-2025-122145323- -APN-DDNAYF#MCH
1520,EX-2025-122155959- -APN-DDNAYF#MCH
1519,EX-2025-122157425- -APN-DDNAYF#MCH
1526,EX-2025-123236121- -APN-DDNAYF#MCH
1446,EX-2025-123244182- -APN-DDNAYF#MCH
1468,EX-2025-124218308- -APN-DDNAYF#MCH
1603,EX-2025-124229831- -APN-DDNAYF#MCH
2072,EX-2025-124252416- -APN-DDNAYF#MCH
2130,EX-2025-124752749- -APN-DDNAYF#MCH
1616,EX-2025-124902034- -APN-DDNAYF#MCH
339,EX-2025-125922249- -APN-DDNAYF#MCH
1678,EX-2025-126991051- -APN-DDNAYF#MCH
1681,EX-2025-126991433- -APN-DDNAYF#MCH
1676,EX-2025-126998317- -APN-DDNAYF#MCH
2192,EX-2025-128156032- -APN-DDNAYF#MCH
2319,EX-2025-128163082- -APN-DDNAYF#MCH
2193,EX-2025-128175450- -APN-DDNAYF#MCH
2131,EX-2025-128179804- -APN-DDNAYF#MCH
1738,EX-2025-128183774- -APN-DDNAYF#MCH
2124,EX-2025-128186883- -APN-DDNAYF#MCH
2126,EX-2025-128194678- -APN-DDNAYF#MCH
2128,EX-2025-128200009- -APN-DDNAYF#MCH
2125,EX-2025-128205882- -APN-DDNAYF#MCH
2123,EX-2025-128210957- -APN-DDNAYF#MCH
2129,EX-2025-128213765- -APN-DDNAYF#MCH
1524,EX-2025-128607167- -APN-DDNAYF#MCH
1525,EX-2025-128644434- -APN-DDNAYF#MCH
1523,EX-2025-128653282- -APN-DDNAYF#MCH
1729,EX-2025-131980102- -APN-DDNAYF#MCH
1721,EX-2025-132037681- -APN-DDNAYF#MCH
2524,EX-2025-132047562- -APN-DDNAYF#MCH
682,EX-2025-132054196- -APN-DDNAYF#MCH
687,EX-2025-132057778- -APN-DDNAYF#MCH
684,EX-2025-132061069- -APN-DDNAYF#MCH
700,EX-2025-132070458- -APN-DDNAYF#MCH
694,EX-2025-132074973- -APN-DDNAYF#MCH
685,EX-2025-132077836- -APN-DDNAYF#MCH
689,EX-2025-132081124- -APN-DDNAYF#MCH
1793,EX-2025-132683981- -APN-DDNAYF#MCH
2335,EX-2025-132785709- -APN-DDNAYF#MCH
1910,EX-2025-132828393- -APN-DDNAYF#MCH
1905,EX-2025-132831214- -APN-DDNAYF#MCH
1487,EX-2025-132866637- -APN-DDNAYF#MCH
1899,EX-2025-132878944- -APN-DDNAYF#MCH
1912,EX-2025-132886101- -APN-DDNAYF#MCH
551,EX-2025-133169365- -APN-DDNAYF#MCH
2376,EX-2025-133173081- -APN-DDNAYF#MCH
1913,EX-2025-133810273- -APN-DDNAYF#MCH
1789,EX-2025-134084802- -APN-DDNAYF#MCH
1790,EX-2025-134089175- -APN-DDNAYF#MCH
1911,EX-2025-134101243- -APN-DDNAYF#MCH
868,EX-2025-134651906- -APN-DDNAYF#MCH
1049,EX-2025-134657481- -APN-DDNAYF#MCH
867,EX-2025-134660688- -APN-DDNAYF#MCH
1944,EX-2025-135943302- -APN-DDNAYF#MCH
673,EX-2025-136041007- -APN-DDNAYF#MCH
670,EX-2025-136054883- -APN-DDNAYF#MCH
947,EX-2025-137066829- -APN-DDNAYF#MCH
674,EX-2025-138606503- -APN-DDNAYF#MCH
678,EX-2025-138607966- -APN-DDNAYF#MCH
1737,EX-2025-140127477- -APN-DDNAYF#MCH
2134,EX-2025-141440936- -APN-DDNAYF#MCH
699,EX-2025-141517831- -APN-DDNAYF#MCH
697,EX-2025-141522300- -APN-DDNAYF#MCH
692,EX-2025-141536315- -APN-DDNAYF#MCH
1413,EX-2025-141569182- -APN-DDNAYF#MCH
2257,EX-2025-141609534- -APN-DDNAYF#MCH
547,EX-2025-142855874- -APN-DDNAYF#MCH
1634,EX-2025-143537466- -APN-DDNAYF#MCH
2133,EX-2025-144083065- -APN-DDNAYF#MCH
1735,EX-2025-030698293- -APN-DANAYF#MCH
1723,EX-2025-030715353- -APN-DANAYF#MCH
1631,EX-2025-041134534- -APN-DANAYF#MCH
1535,EX-2025-044784645- -APN-DANAYF#MCH
1586,EX-2025-049667943- -APN-DANAYF#MCH
1541,EX-2025-053984878- -APN-DANAYF#MCH
1581,EX-2025-059464838- -APN-DANAYF#MCH
2197,EX-2025-063820132- -APN-DANAYF#MCH
1527,EX-2025-065871956- -APN-DANAYF#MCH
1509,EX-2025-088906898- -APN-DDNAYF#MCH
1510,EX-2025-088913027- -APN-DDNAYF#MCH
1512,EX-2025-088916688- -APN-DDNAYF#MCH
1685,EX-2025-089064135- -APN-DDNAYF#MCH
1859,EX-2025-089454379- -APN-DDNAYF#MCH
1874,EX-2025-089467738- -APN-DDNAYF#MCH
1960,EX-2025-089524030- -APN-DDNAYF#MCH
1421,EX-2025-090958177- -APN-DDNAYF#MCH
1423,EX-2025-091010172- -APN-DDNAYF#MCH
1462,EX-2025-093995673- -APN-DDNAYF#MCH
1517,EX-2025-095339776- -APN-DDNAYF#MCH
613,EX-2025-096664407- -APN-DDNAYF#MCH
1600,EX-2025-096665571- -APN-DDNAYF#MCH
603,EX-2025-096673626- -APN-DDNAYF#MCH
1563,EX-2025-098597907- -APN-DDNAYF#MCH
1564,EX-2025-098675450- -APN-DDNAYF#MCH
1410,EX-2026-001204929- -APN-DDNAYF#MCH
2632,EX-2026-001484578- -APN-DDNAYF#MCH
2135,EX-2026-002177430- -APN-DDNAYF#MCH
1849,EX-2026-002177563- -APN-DDNAYF#MCH
2186,EX-2026-002192509- -APN-DDNAYF#MCH
2137,EX-2026-002211926- -APN-DDNAYF#MCH
1881,EX-2026-003242226- -APN-DDNAYF#MCH
2315,EX-2026-004312764- -APN-DDNAYF#MCH
2483,EX-2026-004353157- -APN-DDNAYF#MCH
1695,EX-2026-004412580- -APN-DDNAYF#MCH
1594,EX-2026-004436289- -APN-DDNAYF#MCH
2564,EX-2026-004794901- -APN-DDNAYF#MCH
1806,EX-2026-006643910- -APN-DDNAYF#MCH
1832,EX-2026-006649913- -APN-DDNAYF#MCH
1833,EX-2026-006652882- -APN-DDNAYF#MCH
1808,EX-2026-006658978- -APN-DDNAYF#MCH
1810,EX-2026-006663239- -APN-DDNAYF#MCH
1811,EX-2026-006673760- -APN-DDNAYF#MCH
1836,EX-2026-006675235- -APN-DDNAYF#MCH
1838,EX-2026-006684586- -APN-DDNAYF#MCH
1812,EX-2026-006685333- -APN-DDNAYF#MCH
1839,EX-2026-006698353- -APN-DDNAYF#MCH
1841,EX-2026-006698646- -APN-DDNAYF#MCH
1842,EX-2026-006704233- -APN-DDNAYF#MCH
1843,EX-2026-006704747- -APN-DDNAYF#MCH
1844,EX-2026-006911167- -APN-DDNAYF#MCH
1845,EX-2026-006913331- -APN-DDNAYF#MCH
1830,EX-2026-006987912- -APN-DDNAYF#MCH
1791,EX-2026-006992494- -APN-DDNAYF#MCH
1788,EX-2026-006998618- -APN-DDNAYF#MCH
1795,EX-2026-007001824- -APN-DDNAYF#MCH
2361,EX-2026-007006704- -APN-DDNAYF#MCH
1831,EX-2026-007009229- -APN-DDNAYF#MCH
1835,EX-2026-007018005- -APN-DDNAYF#MCH
1840,EX-2026-007020578- -APN-DDNAYF#MCH
1837,EX-2026-007031657- -APN-DDNAYF#MCH
1891,EX-2026-008035816- -APN-DDNAYF#MCH
1820,EX-2026-008037100- -APN-DDNAYF#MCH
1821,EX-2026-008037972- -APN-DDNAYF#MCH
1822,EX-2026-008044687- -APN-DDNAYF#MCH
1823,EX-2026-008047667- -APN-DDNAYF#MCH
1824,EX-2026-008050199- -APN-DDNAYF#MCH
1825,EX-2026-008051653- -APN-DDNAYF#MCH
1786,EX-2026-008967121- -APN-DDNAYF#MCH
1409,EX-2026-010067104- -APN-DDNAYF#MCH
2201,EX-2026-010330316- -APN-DDNAYF#MCH
1914,EX-2026-010527223- -APN-DDNAYF#MCH
1915,EX-2026-010542624- -APN-DDNAYF#MCH
1907,EX-2026-010544481- -APN-DDNAYF#MCH
1638,EX-2026-010947279- -APN-DDNAYF#MCH
1754,EX-2026-011844483- -APN-DDNAYF#MCH
1755,EX-2026-011852260- -APN-DDNAYF#MCH
1756,EX-2026-011855634- -APN-DDNAYF#MCH
1753,EX-2026-011865597- -APN-DDNAYF#MCH
1766,EX-2026-011886793- -APN-DDNAYF#MCH
1767,EX-2026-011887807- -APN-DDNAYF#MCH
1768,EX-2026-011889454- -APN-DDNAYF#MCH
1769,EX-2026-011899680- -APN-DDNAYF#MCH
1765,EX-2026-011908150- -APN-DDNAYF#MCH
1892,EX-2026-011982860- -APN-DDNAYF#MCH
2414,EX-2026-011987445- -APN-DDNAYF#MCH
1829,EX-2026-012107856- -APN-DDNAYF#MCH
2418,EX-2026-012111701- -APN-DDNAYF#MCH
1942,EX-2026-012135657- -APN-DDNAYF#MCH
1943,EX-2026-012136559- -APN-DDNAYF#MCH
2409,EX-2026-012142181- -APN-DDNAYF#MCH
2399,EX-2026-012144507- -APN-DDNAYF#MCH
2401,EX-2026-012145478- -APN-DDNAYF#MCH
2423,EX-2026-012149057- -APN-DDNAYF#MCH
2400,EX-2026-012149338- -APN-DDNAYF#MCH
2391,EX-2026-012149745- -APN-DDNAYF#MCH
2421,EX-2026-012151507- -APN-DDNAYF#MCH
2412,EX-2026-012152141- -APN-DDNAYF#MCH
2425,EX-2026-012153046- -APN-DDNAYF#MCH
2410,EX-2026-012161245- -APN-DDNAYF#MCH
2416,EX-2026-012166099- -APN-DDNAYF#MCH
2413,EX-2026-012166383- -APN-DDNAYF#MCH
2387,EX-2026-012332333- -APN-DDNAYF#MCH
2009,EX-2026-012334141- -APN-DDNAYF#MCH
1889,EX-2026-012336793- -APN-DDNAYF#MCH
1888,EX-2026-012337490- -APN-DDNAYF#MCH
1886,EX-2026-012338439- -APN-DDNAYF#MCH
1857,EX-2026-012362697- -APN-DDNAYF#MCH
2256,EX-2026-012366199- -APN-DDNAYF#MCH
1875,EX-2026-012371431- -APN-DDNAYF#MCH
2258,EX-2026-012379798- -APN-DDNAYF#MCH
2403,EX-2026-012380168- -APN-DDNAYF#MCH
537,EX-2026-012453484- -APN-DDNAYF#MCH
2385,EX-2026-012611113- -APN-DDNAYF#MCH
2190,EX-2026-012862714- -APN-DDNAYF#MCH
2215,EX-2026-012950368- -APN-DDNAYF#MCH
346,EX-2026-013406047- -APN-DDNAYF#MCH
348,EX-2026-013411035- -APN-DDNAYF#MCH
355,EX-2026-013415513- -APN-DDNAYF#MCH
910,EX-2026-013417050- -APN-DDNAYF#MCH
895,EX-2026-013425085- -APN-DDNAYF#MCH
2405,EX-2026-013602421- -APN-DDNAYF#MCH
1861,EX-2026-013603213- -APN-DDNAYF#MCH
2170,EX-2026-013604323- -APN-DDNAYF#MCH
2424,EX-2026-013619891- -APN-DDNAYF#MCH
1938,EX-2026-014726992- -APN-DDNAYF#MCH
1937,EX-2026-015762981- -APN-DDNAYF#MCH
1941,EX-2026-016003399- -APN-DDNAYF#MCH
2439,EX-2026-016193710- -APN-DDNAYF#MCH
2441,EX-2026-016194993- -APN-DDNAYF#MCH
2445,EX-2026-016213383- -APN-DDNAYF#MCH
2353,EX-2026-016215551- -APN-DDNAYF#MCH
2444,EX-2026-016217519- -APN-DDNAYF#MCH
2415,EX-2026-016862973- -APN-DDNAYF#MCH
2198,EX-2026-016888314- -APN-DDNAYF#MCH
2653,EX-2026-017047453- -APN-DDNAYF#MCH
2638,EX-2026-017052514- -APN-DDNAYF#MCH
2662,EX-2026-017085579- -APN-DDNAYF#MCH
2659,EX-2026-017110839- -APN-DDNAYF#MCH
2238,EX-2026-017743305- -APN-DDNAYF#MCH
2348,EX-2026-017746188- -APN-DDNAYF#MCH
1951,EX-2026-017751007- -APN-DDNAYF#MCH
1952,EX-2026-017752027- -APN-DDNAYF#MCH
2351,EX-2026-017759431- -APN-DDNAYF#MCH
2349,EX-2026-017760264- -APN-DDNAYF#MCH
2239,EX-2026-018341421- -APN-DDNAYF#MCH
2316,EX-2026-018351892- -APN-DDNAYF#MCH
2259,EX-2026-018991655- -APN-DDNAYF#MCH
2199,EX-2026-018999840- -APN-DDNAYF#MCH
1550,EX-2026-019042052- -APN-DDNAYF#MCH
946,EX-2026-019044459- -APN-DDNAYF#MCH
2202,EX-2026-019963771- -APN-DDNAYF#MCH
2437,EX-2026-020415759- -APN-DDNAYF#MCH
1928,EX-2026-021660864- -APN-DDNAYF#MCH
1932,EX-2026-021665329- -APN-DDNAYF#MCH
1926,EX-2026-021666068- -APN-DDNAYF#MCH
1935,EX-2026-021666766- -APN-DDNAYF#MCH
1934,EX-2026-021668222- -APN-DDNAYF#MCH
1927,EX-2026-021670073- -APN-DDNAYF#MCH
1929,EX-2026-021673336- -APN-DDNAYF#MCH
1931,EX-2026-021675393- -APN-DDNAYF#MCH
1936,EX-2026-021690203- -APN-DDNAYF#MCH
1930,EX-2026-021695974- -APN-DDNAYF#MCH
2249,EX-2026-022254221- -APN-DDNAYF#MCH
2247,EX-2026-022260459- -APN-DDNAYF#MCH
2252,EX-2026-022461214- -APN-DDNAYF#MCH
2251,EX-2026-022472848- -APN-DDNAYF#MCH
2253,EX-2026-022474151- -APN-DDNAYF#MCH
1543,EX-2026-023004736- -APN-DDNAYF#MCH
1547,EX-2026-023008206- -APN-DDNAYF#MCH
1546,EX-2026-023012425- -APN-DDNAYF#MCH
1923,EX-2026-023533265- -APN-DDNAYF#MCH
2639,EX-2026-024199324- -APN-DDNAYF#MCH
878,EX-2026-024307575- -APN-DDNAYF#MCH
2368,EX-2026-025318468- -APN-DDNAYF#MCH
2032,EX-2026-025361791- -APN-DDNAYF#MCH
2030,EX-2026-025584968- -APN-DDNAYF#MCH
2691,EX-2026-025592767- -APN-DDNAYF#MCH
2697,EX-2026-025599211- -APN-DDNAYF#MCH
2693,EX-2026-025600462- -APN-DDNAYF#MCH
2031,EX-2026-026108721- -APN-DDNAYF#MCH
2200,EX-2026-026372176- -APN-DDNAYF#MCH
2003,EX-2026-026373475- -APN-DDNAYF#MCH
2427,EX-2026-026378046- -APN-DDNAYF#MCH
2002,EX-2026-026379443- -APN-DDNAYF#MCH
2333,EX-2026-026384470- -APN-DDNAYF#MCH
2337,EX-2026-026385854- -APN-DDNAYF#MCH
2320,EX-2026-026387460- -APN-DDNAYF#MCH
2150,EX-2026-026389752- -APN-DDNAYF#MCH
2121,EX-2026-026390920- -APN-DDNAYF#MCH
2317,EX-2026-026392951- -APN-DDNAYF#MCH
2338,EX-2026-026393682- -APN-DDNAYF#MCH
2339,EX-2026-026397064- -APN-DDNAYF#MCH
2342,EX-2026-026399794- -APN-DDNAYF#MCH
2340,EX-2026-026400098- -APN-DDNAYF#MCH
2341,EX-2026-026402053- -APN-DDNAYF#MCH
1975,EX-2026-026406254- -APN-DDNAYF#MCH
1970,EX-2026-027050871- -APN-DDNAYF#MCH
2551,EX-2026-027056088- -APN-DDNAYF#MCH
1979,EX-2026-027369714- -APN-DDNAYF#MCH
2661,EX-2026-027581796- -APN-DDNAYF#MCH
2664,EX-2026-027583949- -APN-DDNAYF#MCH
2005,EX-2026-027586811- -APN-DDNAYF#MCH
2145,EX-2026-027616651- -APN-DDNAYF#MCH
2588,EX-2026-028138192- -APN-DDNAYF#MCH
2589,EX-2026-028141859- -APN-DDNAYF#MCH
2034,EX-2026-028167612- -APN-DDNAYF#MCH
2035,EX-2026-028168324- -APN-DDNAYF#MCH
2033,EX-2026-028173201- -APN-DDNAYF#MCH
2006,EX-2026-028422248- -APN-DDNAYF#MCH
2540,EX-2026-028731085- -APN-DDNAYF#MCH
2467,EX-2026-029190301- -APN-DDNAYF#MCH
2313,EX-2026-030017874- -APN-DDNAYF#MCH
2311,EX-2026-030023292- -APN-DDNAYF#MCH
2151,EX-2026-030658226- -APN-DDNAYF#MCH
2158,EX-2026-030675206- -APN-DDNAYF#MCH
2154,EX-2026-030679518- -APN-DDNAYF#MCH
2157,EX-2026-030689968- -APN-DDNAYF#MCH
2155,EX-2026-030701029- -APN-DDNAYF#MCH
2156,EX-2026-030701335- -APN-DDNAYF#MCH
2148,EX-2026-030709372- -APN-DDNAYF#MCH
2149,EX-2026-030731078- -APN-DDNAYF#MCH
2036,EX-2026-031765256- -APN-DDNAYF#MCH
1796,EX-2026-032454609- -APN-DDNAYF#MCH
1987,EX-2026-032455523- -APN-DDNAYF#MCH
1989,EX-2026-032481254- -APN-DDNAYF#MCH
927,EX-2026-032516835- -APN-DDNAYF#MCH
928,EX-2026-032517507- -APN-DDNAYF#MCH
497,EX-2026-032536491- -APN-DDNAYF#MCH
498,EX-2026-032541752- -APN-DDNAYF#MCH
499,EX-2026-032545885- -APN-DDNAYF#MCH
1750,EX-2026-032553734- -APN-DDNAYF#MCH
2595,EX-2026-032650861- -APN-DDNAYF#MCH
2594,EX-2026-032653576- -APN-DDNAYF#MCH
1743,EX-2026-032657777- -APN-DDNAYF#MCH
1996,EX-2026-033999398- -APN-DDNAYF#MCH
2076,EX-2026-034761271- -APN-DDNAYF#MCH
2075,EX-2026-034808482- -APN-DDNAYF#MCH
380,EX-2026-035108731- -APN-DDNAYF#MCH
2694,EX-2026-035763159- -APN-DDNAYF#MCH
2042,EX-2026-035791200- -APN-DDNAYF#MCH
2701,EX-2026-035800063- -APN-DDNAYF#MCH
2695,EX-2026-035834205- -APN-DDNAYF#MCH
2039,EX-2026-035837375- -APN-DDNAYF#MCH
2097,EX-2026-036783896- -APN-DDNAYF#MCH
2102,EX-2026-036786640- -APN-DDNAYF#MCH
2096,EX-2026-036788455- -APN-DDNAYF#MCH
2094,EX-2026-036800022- -APN-DDNAYF#MCH
2101,EX-2026-036805687- -APN-DDNAYF#MCH
2100,EX-2026-036807212- -APN-DDNAYF#MCH
2099,EX-2026-036824410- -APN-DDNAYF#MCH
2103,EX-2026-036830884- -APN-DDNAYF#MCH
2110,EX-2026-036838434- -APN-DDNAYF#MCH
2109,EX-2026-036840446- -APN-DDNAYF#MCH
2108,EX-2026-036847528- -APN-DDNAYF#MCH
2106,EX-2026-036848634- -APN-DDNAYF#MCH
2525,EX-2026-036849866- -APN-DDNAYF#MCH
2107,EX-2026-036852873- -APN-DDNAYF#MCH
2355,EX-2026-036857502- -APN-DDNAYF#MCH
393,EX-2026-036894987- -APN-DDNAYF#MCH
2328,EX-2026-037766802- -APN-DDNAYF#MCH
2225,EX-2026-038029588- -APN-DDNAYF#MCH
2590,EX-2026-038051394- -APN-DDNAYF#MCH
2224,EX-2026-038286605- -APN-DDNAYF#MCH
2223,EX-2026-038291658- -APN-DDNAYF#MCH
2214,EX-2026-038308218- -APN-DDNAYF#MCH
2217,EX-2026-038309651- -APN-DDNAYF#MCH
2218,EX-2026-038323604- -APN-DDNAYF#MCH
2213,EX-2026-038325092- -APN-DDNAYF#MCH
2284,EX-2026-038993905- -APN-DDNAYF#MCH
2278,EX-2026-038999546- -APN-DDNAYF#MCH
2283,EX-2026-039013353- -APN-DDNAYF#MCH
2285,EX-2026-039022932- -APN-DDNAYF#MCH
2273,EX-2026-039045610- -APN-DDNAYF#MCH
681,EX-2026-039633932- -APN-DDNAYF#MCH
696,EX-2026-039642911- -APN-DDNAYF#MCH
1724,EX-2026-039645090- -APN-DDNAYF#MCH
2523,EX-2026-039649825- -APN-DDNAYF#MCH
1726,EX-2026-039660386- -APN-DDNAYF#MCH
2343,EX-2026-040011459- -APN-DDNAYF#MCH
1878,EX-2026-040100922- -APN-DDNAYF#MCH
2064,EX-2026-040170683- -APN-DDNAYF#MCH
2047,EX-2026-040175212- -APN-DDNAYF#MCH
2352,EX-2026-041172091- -APN-DDNAYF#MCH
2629,EX-2026-041175043- -APN-DDNAYF#MCH
2645,EX-2026-041655168- -APN-DDNAYF#MCH
2354,EX-2026-042076973- -APN-DDNAYF#MCH
2630,EX-2026-042144453- -APN-DDNAYF#MCH
2519,EX-2026-042263226- -APN-DDNAYF#MCH
2163,EX-2026-042627856- -APN-DDNAYF#MCH
2168,EX-2026-042635657- -APN-DDNAYF#MCH
2162,EX-2026-042683224- -APN-DDNAYF#MCH
2161,EX-2026-042699727- -APN-DDNAYF#MCH
2169,EX-2026-042717860- -APN-DDNAYF#MCH
2167,EX-2026-042720278- -APN-DDNAYF#MCH
2160,EX-2026-042723723- -APN-DDNAYF#MCH
1847,EX-2026-042729477- -APN-DDNAYF#MCH
2147,EX-2026-043530213- -APN-DDNAYF#MCH
926,EX-2026-043537344- -APN-DDNAYF#MCH
2152,EX-2026-044240553- -APN-DDNAYF#MCH
1688,EX-2026-047498112- -APN-DDNAYF#MCH
2119,EX-2026-047755511- -APN-DDNAYF#MCH
2237,EX-2026-048393744- -APN-DDNAYF#MCH
2264,EX-2026-048462387- -APN-DDNAYF#MCH
2196,EX-2026-048887776- -APN-DDNAYF#MCH
2226,EX-2026-049302528- -APN-DDNAYF#MCH
2159,EX-2026-049313560- -APN-DDNAYF#MCH
2309,EX-2026-049328933- -APN-DDNAYF#MCH
2227,EX-2026-049346012- -APN-DDNAYF#MCH
2504,EX-2026-049364942- -APN-DDNAYF#MCH
2505,EX-2026-049371134- -APN-DDNAYF#MCH
2506,EX-2026-049385646- -APN-DDNAYF#MCH
2508,EX-2026-049484408- -APN-DDNAYF#MCH
2507,EX-2026-049487637- -APN-DDNAYF#MCH
2509,EX-2026-049496149- -APN-DDNAYF#MCH
2502,EX-2026-049498448- -APN-DDNAYF#MCH
1399,EX-2026-050375381- -APN-DDNAYF#MCH
2230,EX-2026-050926514- -APN-DDNAYF#MCH
2122,EX-2026-050936369- -APN-DDNAYF#MCH
2486,EX-2026-050952679- -APN-DDNAYF#MCH
2623,EX-2026-051949257- -APN-DDNAYF#MCH
2359,EX-2026-052876597- -APN-DDNAYF#MCH
2344,EX-2026-052896134- -APN-DDNAYF#MCH
2181,EX-2026-054653759- -APN-DDNAYF#MCH
2545,EX-2026-054930783- -APN-DDNAYF#MCH
2548,EX-2026-054948347- -APN-DDNAYF#MCH
2546,EX-2026-054956189- -APN-DDNAYF#MCH
2263,EX-2026-054961878- -APN-DDNAYF#MCH
2260,EX-2026-055491225- -APN-DDNAYF#MCH
2209,EX-2026-055521399- -APN-DDNAYF#MCH
2195,EX-2026-055527576- -APN-DDNAYF#MCH
2370,EX-2026-055593887- -APN-DDNAYF#MCH
2698,EX-2026-058159682- -APN-CGDNAYF#MCH
2699,EX-2026-058161807- -APN-CGDNAYF#MCH
2583,EX-2026-058261103- -APN-CGDNAYF#MCH
2626,EX-2026-058262093- -APN-CGDNAYF#MCH
2532,EX-2026-059254048- -APN-CGDNAYF#MCH
2531,EX-2026-059256436- -APN-CGDNAYF#MCH
2534,EX-2026-059258514- -APN-CGDNAYF#MCH
2533,EX-2026-059260351- -APN-CGDNAYF#MCH
2454,EX-2026-061273342- -APN-CGDNAYF#MCH
2455,EX-2026-061287126- -APN-CGDNAYF#MCH
2457,EX-2026-061319156- -APN-CGDNAYF#MCH
2456,EX-2026-061325618- -APN-CGDNAYF#MCH
2292,EX-2026-062675182- -APN-CGDNAYF#MCH
2303,EX-2026-062678261- -APN-CGDNAYF#MCH
2619,EX-2026-063815797- -APN-CGDNAYF#MCH
2620,EX-2026-063820624- -APN-CGDNAYF#MCH
2621,EX-2026-063826879- -APN-CGDNAYF#MCH
2622,EX-2026-063830264- -APN-CGDNAYF#MCH
2356,EX-2026-063841973- -APN-CGDNAYF#MCH
2365,EX-2026-064218065- -APN-CGDNAYF#MCH
2617,EX-2026-064579038- -APN-CGDNAYF#MCH
2530,EX-2026-065201423- -APN-CGDNAYF#MCH
2600,EX-2026-065718754- -APN-CGDNAYF#MCH
2601,EX-2026-066082676- -APN-CGDNAYF#MCH
2602,EX-2026-067013073- -APN-CGDNAYF#MCH
2616,EX-2026-068257631- -APN-CGDNAYF#MCH
2189,EX-2026-068977286- -APN-CGDNAYF#MCH
2732,EX-2026-070023953- -APN-CGDNAYF#MCH
2660,EX-2026-070032184- -APN-CGDNAYF#MCH
2729,EX-2026-070050705- -APN-CGDNAYF#MCH
