[
    {
        "model": "admisiones.tipodocumentacion",
        "pk": 1,
        "fields": {
            "nombre": "todos",
            "descripcion": "Todos"
        }
    },
    {
        "model": "admisiones.tipodocumentacion",
        "pk": 2,
        "fields": {
            "nombre": "especifico",
            "descripcion": "Específico"
        }
    },
    {
        "model": "admisiones.tipoconvenio",
        "pk": 1,
        "fields": {
            "nombre": "Organización Base"
        }
    },
    {
        "model": "admisiones.tipoconvenio",
        "pk": 2,
        "fields": {
            "nombre": "Personería Jurídica Eclesiástica"
        }
    },
    {
        "model": "admisiones.tipoconvenio",
        "pk": 3,
        "fields": {
            "nombre": "Personería Jurídica"
        }
    },
    {
        "model": "admisiones.documentacion",
        "pk": 1,
        "fields": {
            "nombre": "Nota de Solicitud e inclusión al programa",
            "tipo": 1,
            "convenios": []
        }
    },
    {
        "model": "admisiones.documentacion",
        "pk": 2,
        "fields": {
            "nombre": "Acta constitutiva",
            "tipo": 1,
            "convenios": []
        }
    },
    {
        "model": "admisiones.documentacion",
        "pk": 3,
        "fields": {
            "nombre": "Estatuto",
            "tipo": 1,
            "convenios": []
        }
    },
    {
        "model": "admisiones.documentacion",
        "pk": 4,
        "fields": {
            "nombre": "Reso Personería Jurídica",
            "tipo": 1,
            "convenios": []
        }
    },
    {
        "model": "admisiones.documentacion",
        "pk": 5,
        "fields": {
            "nombre": "Acta Designación",
            "tipo": 1,
            "convenios": []
        }
    },
    {
        "model": "admisiones.documentacion",
        "pk": 6,
        "fields": {
            "nombre": "Declaración Jurada",
            "tipo": 1,
            "convenios": []
        }
    },
    {
        "model": "admisiones.documentacion",
        "pk": 7,
        "fields": {
            "nombre": "DNI Autoridades",
            "tipo": 1,
            "convenios": []
        }
    },
    {
        "model": "admisiones.documentacion",
        "pk": 8,
        "fields": {
            "nombre": "Acta Solicitud de Subsidio",
            "tipo": 1,
            "convenios": []
        }
    },
    {
        "model": "admisiones.documentacion",
        "pk": 9,
        "fields": {
            "nombre": "Constancia AFIP",
            "tipo": 1,
            "convenios": []
        }
    },
    {
        "model": "admisiones.documentacion",
        "pk": 10,
        "fields": {
            "nombre": "Preinscripción RENACOM",
            "tipo": 1,
            "convenios": []
        }
    },
    {
        "model": "admisiones.documentacion",
        "pk": 11,
        "fields": {
            "nombre": "Validación RENACOM",
            "tipo": 1,
            "convenios": []
        }
    },
    {
        "model": "admisiones.documentacion",
        "pk": 12,
        "fields": {
            "nombre": "Inscripción RENACOM",
            "tipo": 1,
            "convenios": []
        }
    },
    {
        "model": "admisiones.documentacion",
        "pk": 13,
        "fields": {
            "nombre": "DNI Responsable del Comedor",
            "tipo": 1,
            "convenios": []
        }
    },
    {
        "model": "admisiones.documentacion",
        "pk": 14,
        "fields": {
            "nombre": "DNI Titular Tarjeta",
            "tipo": 1,
            "convenios": []
        }
    },
    {
        "model": "admisiones.documentacion",
        "pk": 15,
        "fields": {
            "nombre": "Informe Comedores y Merenderos",
            "tipo": 1,
            "convenios": []
        }
    },
    {
        "model": "admisiones.documentacion",
        "pk": 16,
        "fields": {
            "nombre": "Memo PNUD",
            "tipo": 1,
            "convenios": []
        }
    },
    {
        "model": "admisiones.documentacion",
        "pk": 17,
        "fields": {
            "nombre": "Respuesta Memo PNUD",
            "tipo": 1,
            "convenios": []
        }
    },
    {
        "model": "admisiones.documentacion",
        "pk": 18,
        "fields": {
            "nombre": "Acto de reconocimiento (de culto)",
            "tipo": 2,
            "convenios": [
                2
            ]
        }
    },
    {
        "model": "admisiones.documentacion",
        "pk": 19,
        "fields": {
            "nombre": "Designación Organismos Públicos / Acta constitutiva (conformación)",
            "tipo": 2,
            "convenios": [
                1
            ]
        }
    },
    {
        "model": "admisiones.documentacion",
        "pk": 20,
        "fields": {
            "nombre": "DNIs - Organización Base",
            "tipo": 2,
            "convenios": [
                1
            ]
        }
    },
    {
        "model": "admisiones.documentacion",
        "pk": 21,
        "fields": {
            "nombre": "Nombre Aval 1",
            "tipo": 2,
            "convenios": [
                1
            ]
        }
    },
    {
        "model": "admisiones.documentacion",
        "pk": 22,
        "fields": {
            "nombre": "Acta constitutiva - Aval 1",
            "tipo": 2,
            "convenios": [
                1
            ]
        }
    },
    {
        "model": "admisiones.documentacion",
        "pk": 23,
        "fields": {
            "nombre": "Estatuto - Aval 1",
            "tipo": 2,
            "convenios": [
                1
            ]
        }
    },
    {
        "model": "admisiones.documentacion",
        "pk": 24,
        "fields": {
            "nombre": "Reso Personería Jurídica - Aval 1",
            "tipo": 2,
            "convenios": [
                1
            ]
        }
    },
    {
        "model": "admisiones.documentacion",
        "pk": 25,
        "fields": {
            "nombre": "Acta Designación - Aval 1",
            "tipo": 2,
            "convenios": [
                1
            ]
        }
    },
    {
        "model": "admisiones.documentacion",
        "pk": 26,
        "fields": {
            "nombre": "DNI Autoridades - Aval 1",
            "tipo": 2,
            "convenios": [
                1
            ]
        }
    },
    {
        "model": "admisiones.documentacion",
        "pk": 27,
        "fields": {
            "nombre": "Nombre Aval 2",
            "tipo": 2,
            "convenios": [
                1
            ]
        }
    },
    {
        "model": "admisiones.documentacion",
        "pk": 28,
        "fields": {
            "nombre": "Acta constitutiva - Aval 2",
            "tipo": 2,
            "convenios": [
                1
            ]
        }
    },
    {
        "model": "admisiones.documentacion",
        "pk": 29,
        "fields": {
            "nombre": "Estatuto - Aval 2",
            "tipo": 2,
            "convenios": [
                1
            ]
        }
    },
    {
        "model": "admisiones.documentacion",
        "pk": 30,
        "fields": {
            "nombre": "Reso Personería Jurídica - Aval 2",
            "tipo": 2,
            "convenios": [
                1
            ]
        }
    },
    {
        "model": "admisiones.documentacion",
        "pk": 31,
        "fields": {
            "nombre": "Acta Designación - Aval 2",
            "tipo": 2,
            "convenios": [
                1
            ]
        }
    },
    {
        "model": "admisiones.documentacion",
        "pk": 32,
        "fields": {
            "nombre": "DNI Autoridades - Aval 2",
            "tipo": 2,
            "convenios": [
                1
            ]
        }
    },
    {
        "model": "admisiones.documentacion",
        "pk": 33,
        "fields": {
            "nombre": "Inscripción RENACOM",
            "tipo": 2,
            "convenios": [
                1
            ]
        }
    },
    {
        "model": "admisiones.documentacion",
        "pk": 34,
        "fields": {
            "nombre": "Relevamiento al Programa (PAC)",
            "tipo": 2,
            "convenios": [
                1
            ]
        }
    },
    {
        "model": "admisiones.documentacion",
        "pk": 35,
        "fields": {
            "nombre": "Material de difusión",
            "tipo": 2,
            "convenios": [
                1
            ]
        }
    }
]